<?xml version="1.0" encoding="UTF-8"?>

<!DOCTYPE facelet-taglib PUBLIC "-//Sun Microsystems, Inc.//DTD Facelet Taglib 1.0//EN" "https://facelets.dev.java.net/source/browse/*checkout*/facelets/src/etc/facelet-taglib_1_0.dtd">

<facelet-taglib>

	<namespace>http://componentes.customizados.com</namespace>
	
    <tag>
        <tag-name>compTopo</tag-name>
        <source>topo.xhtml</source>
    </tag>
	
	<tag>
        <tag-name>compPrincipal</tag-name>
        <source>principal.xhtml</source>
    </tag>
    
    <tag>
        <tag-name>compPanel</tag-name>
        <source>panel.xhtml</source>
    </tag>
    
    <tag>
        <tag-name>compModal</tag-name>
        <source>modal.xhtml</source>
    </tag>

</facelet-taglib>