<?xml version="1.0" encoding="UTF-8"?>
<!DOCTYPE hibernate-configuration PUBLIC
		"-//Hibernate/Hibernate Configuration DTD 3.0//EN"
		"http://hibernate.sourceforge.net/hibernate-configuration-3.0.dtd">
<hibernate-configuration>
    <session-factory>
    
    
    <property name="hibernate.connection.driver_class">org.postgresql.Driver</property>
		<property name="hibernate.connection.password">papaleguas78</property>
		<property name="hibernate.connection.url">jdbc:postgresql://127.0.0.1:5432/molde_projetos</property>
		<property name="hibernate.connection.username">usuariobd</property>
		<property name="hibernate.dialect">org.hibernate.dialect.PostgreSQLDialect</property>
		<property name="hibernate.show_sql">true</property>
		<property name="hibernate.format_sql">false</property>
		<property name="hbm2ddl.auto">update</property>
		
		<!-- Livro -->
		<!-- <mapping class="br.com.meuprojeto.bean.Livro" /> -->
    
    
    </session-factory>
</hibernate-configuration>

